<?xml version="1.0" encoding="UTF-8"?>
<project xmlns="http://www.netbeans.org/ns/project/1">
    <type>com.microchip.mplab.nbide.embedded.makeproject</type>
    <configuration>
        <data xmlns="http://www.netbeans.org/ns/make-project/1">
            <name>attiny1627-south-mtn-node</name>
            <name>attiny1627-iot-world-demo</name>
            <name>attiny1627-iot-world-demo</name>
            <name>attiny1627_IoT_World_Demo</name>
            <name>attiny1627_State_Machine</name>
            <name>attiny1627_Capstone</name>
            <name>attiny1627_Capstone_nfs</name>
            <name>attiny1627_Capstone</name>
            <creation-uuid>6c2ccfea-3c9e-4ea8-9ddf-cf5f9f00bd09</creation-uuid>
            <make-project-type>0</make-project-type>
            <c-extensions>c</c-extensions>
            <cpp-extensions/>
            <header-extensions>h</header-extensions>
            <asminc-extensions/>
            <sourceEncoding>ISO-8859-1</sourceEncoding>
            <make-dep-projects/>
            <sourceRootList/>
            <confList>
                <confElem>
                    <name>default</name>
                    <type>2</type>
                </confElem>
            </confList>
            <formatting>
                <project-formatting-style>false</project-formatting-style>
            </formatting>
        </data>
        <spellchecker-wordlist xmlns="http://www.netbeans.org/ns/spellchecker-wordlist/1">
            <word>Baremetal</word>
        </spellchecker-wordlist>
    </configuration>
</project>
